Feature,MeanAbsSHAP,MedianAbsSHAP,StdAbsSHAP,ContributionShare
mesh_median_ppsqm,0.1058203279209162,0.09178816978237592,0.07179402576248074,0.4306583442431543
mesh_median_ppsqm_ma4q,0.06209815365066618,0.06464561220491305,0.027481329558511153,0.2527216514745548
mesh_median_ppsqm_lag1,0.05545805703924695,0.05389699761144584,0.03491881313673486,0.22569836522632575
mesh_median_ppsqm_growth_qoq,0.013645900987049053,0.008323865273268893,0.027527750627271762,0.05553489806968356
mesh_avg_age,0.005865810065895971,0.004138157393754227,0.0058817162635622445,0.023872162374241442
mesh_avg_area,0.0021232515532641234,0.0001907915785750447,0.009205633294496984,0.008641024048080799
mesh_transaction_count,0.0007060828852421727,0.00044552562678745744,0.0006682741943547228,0.002873554563959345
