Feature,MeanAbsSHAP,MedianAbsSHAP,StdAbsSHAP,ContributionShare
MedianPriceSqM,0.20567759657205897,0.17340234707808122,0.1159217759680187,0.39200946271317233
MedianPriceSqM_lag1,0.18064344344262886,0.15185121330432594,0.10239872017502918,0.3442958318593181
MedianPriceSqM_ma4q,0.12383938923843137,0.10348008188884705,0.07099793067715265,0.23603062874704867
TransactionCount,0.007970394091278385,0.006342087837765575,0.006333926966597205,0.01519110470663064
AvgBuildingAge,0.0036736264085999912,0.003819856358859397,0.0007732242952163056,0.007001716952384102
ActiveMeshes,0.001985370656630181,0.002034966444625752,0.0006256695708189736,0.003784000286678886
MedianPriceSqM_growth_qoq,0.0008852605145035497,0.0006300019607579088,0.0007995506210067891,0.0016872547347670955
