Feature,MeanAbsSHAP,MedianAbsSHAP,StdAbsSHAP,ContributionShare
MedianPriceSqM,0.17369574474511276,0.14068967557977885,0.1219524995483278,0.38970928817961004
MedianPriceSqM_lag1,0.15238427797145657,0.12477517582010478,0.10771662219189801,0.341894204634458
MedianPriceSqM_ma4q,0.10483092568738357,0.08424386553815566,0.07407885240163561,0.23520199351336923
TransactionCount,0.007843302953011744,0.006959618729524664,0.005842452156203524,0.01759748354964374
AvgBuildingAge,0.003691930461276153,0.0038495723783853464,0.0009494526487103808,0.0082833324108421
ActiveMeshes,0.0019913005985576623,0.0020433668032637797,0.000640051412248829,0.004467745251642803
MedianPriceSqM_growth_qoq,0.0012684579175245385,0.0007699746594198587,0.0013869066746105716,0.0028459524604340504
