Feature,MeanAbsSHAP,MedianAbsSHAP,StdAbsSHAP,ContributionShare
MedianPriceSqM,0.045768337437327965,0.04149624729052448,0.012403678103352708,0.35252681751359466
MedianPriceSqM_lag1,0.039347616086767324,0.03476498369127512,0.010037591627617486,0.3030717446271438
MedianPriceSqM_ma4q,0.028797071483192365,0.02585725199605804,0.007008815344635751,0.22180705116462654
TransactionCount,0.007334938399945183,0.007290670823749679,0.003142239578130319,0.05649675377288284
AvgBuildingAge,0.0037651466719808013,0.003884404608470504,0.0014522732700760375,0.029000729501324558
MedianPriceSqM_growth_qoq,0.0028012475296084935,0.0026796023039423744,0.002030670048172966,0.021576376420335056
ActiveMeshes,0.002015020366267587,0.002089730167426751,0.0006941009436588776,0.015520527000092443
