Model,train_mae,train_rmse,train_r2,val_mae,val_rmse,val_r2,test_mae,test_rmse,test_r2,Level
LinearRegression,15289.386683749837,21997.566437705867,0.9942414803721622,14414.898507127758,19777.22235528227,0.9970153113371405,18594.707646533232,29651.119045021995,0.9953575118734405,Ward
RandomForest,3940.526973523317,6097.334658297742,0.999557572982378,14886.734119648147,26010.622263434496,0.9948373827576298,44302.31595363826,112688.61215302693,0.9329453831538871,Ward
LightGBM,1117.026318426503,1858.7302501911315,0.9999588855666236,15949.871879973607,29862.142838662876,0.9931952781097776,48038.70338773811,116652.76617759658,0.9281447163597119,Ward
LinearRegression,77446.26749054347,279824.61422272125,0.7388970027828123,69520.28089006193,167607.46641060594,0.8669390650359472,83895.80282181302,197137.44473221668,0.8758039766542195,Mesh
RandomForest,3371.363496325986,41510.67481804252,0.994254079447188,12173.665276436372,97227.69202865557,0.9552241538565661,22619.608385458185,123618.01195295007,0.9511648018576868,Mesh
LightGBM,10116.333115698479,60679.047767223456,0.987722285130206,18893.206314098963,106566.5901573293,0.9462094496476221,27702.106193784093,126969.28720179133,0.948481073231442,Mesh
TorchLSTM,25056.612882754012,35299.25809938762,0.9851823171917112,25753.01829885159,35435.85844000613,0.9904180399441929,36769.55237662792,64657.56693811292,0.9779246629969771,Ward
TorchLSTM,78186.32552857288,388634.75564213423,0.49271709946119036,76535.07370265306,233997.56585727,0.7333914932924553,107636.53224384661,322403.53586177033,0.6687588248825238,Mesh
